userId,num_movies,num_transitions,num_drift_points,mean_kl,std_kl,threshold,drift_rate
414,2698,2697,627,4.08776864470902,2.3242743897661793,6.412043034475199,0.2325
474,2108,2107,542,4.319904130207206,2.4580340930049536,6.77793822321216,0.2572
448,1864,1863,407,4.217439798092011,2.3356769261480808,6.553116724240091,0.2185
599,2478,2477,396,4.578323037598667,2.314216483973671,6.892539521572338,0.1599
380,1218,1217,286,4.741078520728166,2.0199742041221795,6.761052724850346,0.235
606,1115,1114,251,3.7355567213994423,2.4309658708452857,6.166522592244728,0.2253
274,1346,1345,230,4.780936847132997,2.186159775394461,6.967096622527459,0.171
288,1055,1054,229,3.742198244872556,2.251279203974663,5.993477448847219,0.2173
68,1260,1259,225,4.761610352333428,2.2086848157164205,6.970295168049849,0.1787
610,1302,1301,221,3.4827791494744695,2.140088757715748,5.6228679071902175,0.1699
249,1046,1045,217,4.349116581085396,2.279469740039789,6.628586321125185,0.2077
603,943,942,216,3.6023560641786467,2.4326804982244403,6.0350365624030875,0.2293
298,939,938,210,3.788032294178378,2.339109365239916,6.127141659418294,0.2239
182,977,976,196,3.458362078640697,2.2791657656328415,5.737527844273538,0.2008
232,862,861,192,4.605426582611663,2.2024238553494024,6.807850437961066,0.223
387,1027,1026,181,4.740120337393284,2.2606780457855185,7.000798383178802,0.1764
480,836,835,180,4.545073561601754,2.265350704415649,6.810424266017403,0.2156
600,763,762,177,4.598697970755149,2.2311820673377487,6.829880038092897,0.2323
483,728,727,167,4.759782586325888,2.075687023375518,6.835469609701406,0.2297
590,728,727,166,4.6404685971565565,2.1722162361968245,6.812684833353381,0.2283
307,975,974,154,4.529404368118533,2.4367410275960086,6.966145395714542,0.1581
105,722,721,153,4.48648144715309,2.308592693233272,6.795074140386362,0.2122
489,648,647,152,4.726887168944816,2.0797017704126617,6.806588939357478,0.2349
305,677,676,150,4.64626248706978,2.0995311460198014,6.745793633089582,0.2219
555,578,577,146,4.077785920785116,2.3775328969560827,6.455318817741199,0.253
177,904,903,145,4.869117183432844,2.0803460324900245,6.949463215922869,0.1606
318,879,878,144,4.600930065264704,2.33270380378094,6.933633869045644,0.164
438,635,634,140,3.9627679375319627,2.213495985114338,6.176263922646301,0.2208
111,646,645,137,3.5801941478021924,2.453670480404469,6.033864628206661,0.2124
140,608,607,135,4.392635122505041,2.2584079946952,6.651043117200241,0.2224
608,831,830,125,4.7465698374249135,2.157088346845114,6.903658184270027,0.1506
18,502,501,119,4.443684684623702,2.2904110338109853,6.734095718434688,0.2375
28,570,569,115,3.662085124148541,2.2229727708398688,5.88505789498841,0.2021
534,520,519,110,4.209404655330161,2.123414219151571,6.332818874481732,0.2119
525,500,499,109,3.8936439831857395,2.2762101100850223,6.169854093270762,0.2184
561,505,504,106,4.510880481435611,2.068068524215489,6.5789490056511,0.2103
381,474,473,99,4.574028986508581,2.096126544334514,6.670155530843095,0.2093
477,600,599,99,4.70903776946782,2.226519582263898,6.935557351731718,0.1653
156,398,397,98,3.733835492957115,2.3606629219651283,6.094498414922244,0.2469
226,507,506,97,4.6991530714588965,2.2674363391681456,6.9665894106270425,0.1917
21,443,442,97,3.8244968488610964,2.251109106487641,6.075605955348737,0.2195
91,575,574,97,4.804712727940246,2.1241628318063257,6.928875559746572,0.169
292,446,445,95,4.408294026079411,2.1582962669932826,6.566590293072694,0.2135
509,467,466,93,4.29883893071289,2.177450951352321,6.476289882065211,0.1996
45,399,398,92,3.8477291642596883,2.3122794999904106,6.160008664250099,0.2312
596,411,410,91,4.384876293649058,2.19916354216997,6.584039835819028,0.222
219,528,527,89,4.806798389887541,2.0789066147968973,6.8857050046844375,0.1689
580,436,435,89,3.970686288282871,2.1591372128073214,6.1298235010901925,0.2046
391,386,385,88,3.944323713516391,2.3050613412777885,6.24938505479418,0.2286
567,385,384,87,4.270104592080977,2.3181279484872737,6.588232540568251,0.2266
64,517,516,84,4.827100158532152,2.1530331145339883,6.98013327306614,0.1628
357,383,382,83,3.454851292227118,2.457438197997103,5.912289490224222,0.2173
275,403,402,83,3.799355257146584,2.4014628671717855,6.200818124318369,0.2065
132,347,346,82,4.4001880814177,2.1892876158277432,6.589475697245444,0.237
42,440,439,82,4.637157091087716,2.391438103964078,7.028595195051794,0.1868
597,443,442,81,3.5105471575368608,2.178064820979319,5.68861197851618,0.1833
160,437,436,81,3.7416336653870212,2.1234436907304026,5.865077356117424,0.1858
469,465,464,79,3.4146951340855667,2.054815637278535,5.469510771364101,0.1703
57,476,475,78,3.528410153516097,2.0793704428256206,5.607780596341717,0.1642
339,371,370,78,3.840615345913545,2.213916574371414,6.054531920284959,0.2108
199,363,362,77,4.024325606047801,2.291845696066379,6.3161713021141805,0.2127
560,458,457,77,4.799962955261443,2.1255403469866527,6.925503302248096,0.1685
462,455,454,77,4.462180545252591,2.467796192574614,6.929976737827205,0.1696
125,360,359,77,4.397242723555045,2.2232956698349917,6.620538393390037,0.2145
517,400,399,76,3.91448571057658,2.101314997924658,6.015800708501238,0.1905
368,469,468,76,3.6314185995352704,1.9542887051225581,5.585707304657829,0.1624
425,306,305,75,4.694809417447456,2.1147979213131842,6.809607338760641,0.2459
62,366,365,73,4.4482410096535885,2.2347104543567227,6.682951464010311,0.2
104,273,272,71,4.081791143692137,2.3496270517015625,6.4314181953937,0.261
217,613,612,69,3.1580605033363387,1.921112064057148,5.079172567393487,0.1127
122,292,291,69,4.549780773884417,2.189238775583602,6.7390195494680185,0.2371
365,277,276,67,4.088270445478187,2.3640425290338256,6.452312974512013,0.2428
19,703,702,67,3.0049488213704616,1.8962449672648687,4.9011937886353305,0.0954
514,397,396,66,4.589747762074522,2.377604227856139,6.967351989930661,0.1667
573,299,298,65,4.28818382719182,2.165292038422569,6.453475865614389,0.2181
382,291,290,64,3.4292827078334,2.338354094207975,5.767636802041375,0.2207
103,377,376,62,4.701253877615203,2.1954733163721447,6.896727193987347,0.1649
352,294,293,60,4.644066899472414,1.9797996016939496,6.623866501166364,0.2048
495,265,264,60,4.384408918540333,2.3027284232440173,6.68713734178435,0.2273
51,359,358,60,4.828599027674989,2.2041349357912603,7.032733963466249,0.1676
187,258,257,59,4.819039795684529,1.9728578855347787,6.791897681219307,0.2296
222,250,249,59,4.016360645356702,2.378269603399596,6.3946302487562985,0.2369
89,518,517,58,3.235511874206527,1.9627145597272442,5.198226433933771,0.1122
453,311,310,58,3.851362438320659,2.1263448914123213,5.97770732973298,0.1871
484,275,274,57,4.192641620266647,2.5653346655967564,6.757976285863403,0.208
239,279,278,57,4.365857358290873,2.131314664379529,6.4971720226704015,0.205
282,237,236,56,4.601611482634168,2.209858600646774,6.811470083280943,0.2373
200,334,333,54,4.634631295907638,2.2762865115317377,6.910917807439375,0.1622
356,289,288,54,3.58999980089435,2.1318793675551766,5.721879168449527,0.1875
562,231,230,54,4.018778628059462,2.342454442576933,6.361233070636395,0.2348
66,345,344,54,4.68530521861235,2.2728311079310624,6.958136326543412,0.157
221,331,330,53,4.528746180286624,2.4054124492176165,6.934158629504241,0.1606
212,248,247,53,4.384612677462199,2.221972515054804,6.606585192517003,0.2146
198,230,229,52,3.823787196853213,2.2492296896401416,6.073016886493354,0.2271
63,271,270,52,4.922068196390021,2.135473660065403,7.057541856455424,0.1926
432,260,259,52,4.195607897548666,2.178781894718513,6.374389792267179,0.2008
294,437,436,51,2.906970923748641,1.9478291382800517,4.854800062028692,0.117
332,267,266,51,4.193237191860714,2.0203444104445945,6.213581602305308,0.1917
169,269,268,51,4.067644682281824,2.404971371769674,6.472616054051498,0.1903
135,279,278,50,3.752572473557317,2.0813221844115812,5.833894657968898,0.1799
330,247,246,50,4.6658786997024455,2.1837458197215676,6.8496245194240135,0.2033
84,293,292,50,4.56043542721262,2.415375088257307,6.975810515469927,0.1712
41,217,216,50,4.362423806143501,2.258279892062065,6.620703698205566,0.2315
6,314,313,49,4.771022563072846,2.331858416962978,7.102880980035824,0.1565
434,233,232,49,4.658639678016017,2.0477823275520985,6.706422005568115,0.2112
82,227,226,47,4.019044818206214,2.1636421928509084,6.182687011057123,0.208
280,196,195,47,3.704472549235351,2.3906641646868914,6.095136713922242,0.241
195,187,186,46,4.420946954453943,2.2670146982685555,6.687961652722499,0.2473
428,300,299,46,4.631145933343258,2.264066148629351,6.895212081972609,0.1538
367,185,184,46,3.822630153952774,2.265277112940991,6.087907266893765,0.25
186,226,225,46,3.9546688359951983,2.020061879750969,5.974730715746167,0.2044
385,201,200,46,4.361991169875076,2.3361748525809305,6.698166022456007,0.23
586,208,207,45,4.096110106182498,2.1470858762266496,6.243195982409148,0.2174
73,210,209,45,3.9574842005048825,2.3779930018288438,6.335477202333726,0.2153
263,210,209,45,4.395160894913647,2.273242380202758,6.668403275116405,0.2153
246,204,203,45,3.6719563345306607,2.2340318024925203,5.905988137023181,0.2217
50,310,309,45,4.873694716932866,2.186310768974218,7.060005485907084,0.1456
522,200,199,45,4.183516860721899,2.369339679550378,6.552856540272277,0.2261
220,207,206,44,4.438056032122578,2.15207995451513,6.5901359866377085,0.2136
4,216,215,44,3.568028226761283,2.262653049170409,5.830681275931692,0.2047
20,242,241,44,3.7267043817558183,2.006966257317838,5.733670639073656,0.1826
317,189,188,44,4.106355480000985,2.2493874402186584,6.355742920219644,0.234
290,267,266,43,4.7416312245158725,2.3283327561219944,7.069963980637867,0.1617
372,236,235,43,4.7798616611018865,2.2595585768124105,7.039420237914297,0.183
304,216,215,42,4.316020524776901,2.1520820058082397,6.46810253058514,0.1953
325,270,269,41,4.849968306466215,2.181191141915475,7.03115944838169,0.1524
139,194,193,41,4.6036722902813825,1.8608561793822618,6.4645284696636445,0.2124
279,176,175,40,4.294849786352,2.1208787371583346,6.415728523510334,0.2286
607,187,186,40,4.024894769193139,2.095638275083539,6.120533044276678,0.2151
563,213,212,40,3.042150612787975,2.4877332181733105,5.529883830961285,0.1887
331,168,167,39,4.731987697365207,2.064054820562068,6.796042517927274,0.2335
312,223,222,39,3.394316271792988,2.1450029461065028,5.539319217899491,0.1757
313,340,339,38,3.3857402734883646,1.843086211451732,5.228826484940097,0.1121
527,167,166,38,4.698707353160346,2.0032440669929894,6.7019514201533354,0.2289
594,232,231,38,3.393491010122991,2.1808931130514755,5.574384123174466,0.1645
256,174,173,38,4.5671063616168,2.1260726033640944,6.693178964980895,0.2197
605,221,220,37,3.756780053617777,1.9825599593438732,5.73934001296165,0.1682
354,226,225,37,5.152285031659652,1.8690006258159397,7.021285657475591,0.1644
166,190,189,37,4.250170090910194,2.2660639406436527,6.5162340315538465,0.1958
520,186,185,37,4.596121679096244,2.235526044291785,6.831647723388029,0.2
95,168,167,37,4.252607020338844,2.3699496142561802,6.622556634595024,0.2216
153,179,178,37,3.9618440328047955,2.3388548160761413,6.300698848880937,0.2079
47,140,139,36,3.542544080959723,2.471789963976556,6.0143340449362785,0.259
419,155,154,36,3.6487727572325563,2.45560277203436,6.104375529266916,0.2338
328,255,254,36,4.975927980233725,1.9695313509286405,6.945459331162366,0.1417
202,403,402,36,3.04571538400599,1.943104718847251,4.988820102853241,0.0896
247,150,149,35,4.334821086117965,2.0710197085114195,6.405840794629384,0.2349
346,164,163,35,3.8159868316390266,2.3972935571615994,6.2132803888006265,0.2147
572,155,154,35,3.8828592566803173,2.2168061485972888,6.099665405277606,0.2273
266,180,179,34,3.7330057309476223,2.249201574428783,5.982207305376406,0.1899
552,188,187,34,4.770685092417941,2.076405135342669,6.84709022776061,0.1818
100,148,147,34,4.080756603574057,2.3461340249961733,6.42689062857023,0.2313
334,154,153,34,4.53852229240241,2.165086547446821,6.703608839849231,0.2222
260,152,151,33,4.499630184993493,2.2993907943654417,6.799020979358935,0.2185
268,129,128,33,4.30853599430416,2.3724748232804993,6.681010817584659,0.2578
351,141,140,33,3.6748304428672776,2.388404120533203,6.0632345634004805,0.2357
119,215,214,33,4.875068706014351,2.0124745538754047,6.887543259889755,0.1542
452,202,201,33,3.6699484505536932,1.981642753321694,5.6515912038753875,0.1642
167,173,172,33,4.7832996500901785,2.1443203610770776,6.927620011167257,0.1919
233,150,149,33,4.011876150805931,2.3103596571900304,6.322235807995962,0.2215
33,156,155,32,3.48614511500979,2.2848560664612494,5.771001181471039,0.2065
570,191,190,32,4.818012129175459,2.0626264885242733,6.8806386176997325,0.1684
408,141,140,32,3.8654087235229553,2.1856654145912358,6.051074138114191,0.2286
1,232,231,31,3.3518824332721024,1.9927436666466143,5.344626099918717,0.1342
113,150,149,31,3.1971527200247234,2.344541041330243,5.541693761354967,0.2081
326,152,151,31,3.400916709301059,2.2864601448822257,5.6873768541832845,0.2053
376,133,132,31,4.698492994996955,1.960875455623621,6.659368450620576,0.2348
137,141,140,31,4.9019518808704605,2.2444935618864936,7.146445442756955,0.2214
420,141,140,31,4.646161171764995,2.121546067896698,6.767707239661693,0.2214
409,126,125,30,4.205676995088754,2.407864955109413,6.613541950198167,0.24
479,181,180,30,4.615800853275476,2.341687000110793,6.957487853386269,0.1667
464,138,137,30,4.35573811016022,2.1505032588593416,6.506241369019562,0.219
141,168,167,30,4.057573704375009,2.0700703342144915,6.1276440385895,0.1796
129,140,139,29,4.545525469026148,2.0297233537809993,6.575248822807147,0.2086
393,123,122,28,4.46886270172977,1.9028487445716267,6.371711446301397,0.2295
377,131,130,28,4.418127773658304,2.341063168630842,6.759190942289146,0.2154
74,177,176,28,3.194662365594672,2.16731790958648,5.361980275181152,0.1591
144,128,127,28,4.745203105385673,2.1172112138202364,6.862414319205909,0.2205
308,115,114,28,4.589184617731916,2.2258696385014383,6.8150542562333545,0.2456
216,164,163,28,3.3977437010651395,2.1459209097652745,5.5436646108304135,0.1718
437,122,121,27,3.674252686618003,2.314258214535051,5.988510901153054,0.2231
254,127,126,27,4.43917715967086,2.157273250736095,6.596450410406955,0.2143
286,106,105,27,4.889388774507862,1.9541249536230285,6.84351372813089,0.2571
412,102,101,26,3.9678043287846676,2.4434715861019507,6.411275914886618,0.2574
602,135,134,26,4.8636793951874004,2.238049129059619,7.10172852424702,0.194
488,111,110,26,4.383391576338441,2.3866842012348966,6.770075777573338,0.2364
482,128,127,26,4.592161601480872,2.1700796452505178,6.76224124673139,0.2047
7,152,151,26,4.838362043815845,2.0364765638851696,6.874838607701015,0.1722
587,165,164,26,3.198267121216911,2.164467312437354,5.362734433654265,0.1585
117,165,164,26,4.837802277478296,2.1484246622255925,6.986226939703888,0.1585
80,167,166,25,2.9364612375404837,1.862839054112567,4.799300291653051,0.1506
115,112,111,25,4.089201797280986,2.101855991262077,6.191057788543063,0.2252
524,131,130,25,4.371392330594323,2.0957939888331247,6.467186319427448,0.1923
230,139,138,25,4.935480523605147,2.0668322685180462,7.002312792123194,0.1812
15,135,134,25,3.671044442923259,2.1451969501333816,5.816241393056641,0.1866
43,114,113,24,4.599956318268201,2.1962265669495435,6.796182885217744,0.2124
475,155,154,24,3.6582783888545034,1.954395062201734,5.612673451056238,0.1558
10,140,139,24,2.8901894250351794,2.3306516811179057,5.220841106153085,0.1727
411,127,126,24,4.906764719301314,2.3135906453403714,7.220355364641685,0.1905
17,105,104,24,4.670144141763988,2.1284762799631936,6.798620421727181,0.2308
405,120,119,24,4.241560676158805,2.2399528794705543,6.481513555629359,0.2017
215,98,97,24,4.0079624523915856,2.434115641322415,6.4420780937140005,0.2474
22,119,118,24,4.702035868205897,2.1074530109669634,6.809488879172861,0.2034
559,140,139,23,4.829475049177211,2.048432370483181,6.877907419660392,0.1655
369,129,128,23,4.5711679442616155,2.3570940700768537,6.928262014338469,0.1797
181,118,117,23,4.565363650296734,2.2620760408550846,6.8274396911518185,0.1966
306,112,111,23,3.8434830502318444,2.4217808407148564,6.2652638909467,0.2072
287,152,151,23,4.784947825851148,2.1284604422393567,6.913408268090505,0.1523
27,135,134,23,3.378789770018185,2.1735986007031967,5.552388370721381,0.1716
577,161,160,22,3.447564239709281,1.92559821818557,5.373162457894852,0.1375
240,128,127,22,4.709499404305557,2.227938028942123,6.9374374332476805,0.1732
234,202,201,22,3.3401879035176965,1.797944540385268,5.138132443902965,0.1095
210,138,137,22,3.378187088326379,2.2220432251117948,5.600230313438174,0.1606
314,128,127,22,4.999072071863111,2.1166988705995426,7.115770942462653,0.1732
604,100,99,22,4.622790714293459,2.1172450897667328,6.7400358040601915,0.2222
136,111,110,22,4.864405433050655,2.2211352206011634,7.085540653651819,0.2
503,95,94,22,4.477132190507991,2.265343458237295,6.742475648745286,0.234
490,113,112,22,3.4445080482230375,2.325823268639117,5.770331316862155,0.1964
201,110,109,22,4.017807812771967,2.1890098637449267,6.206817676516894,0.2018
466,113,112,22,4.78889685584047,2.0829512900323515,6.871848145872821,0.1964
83,118,117,22,4.528089318249815,2.112504887175153,6.640594205424968,0.188
309,103,102,22,3.9380934928202493,2.281764382920362,6.219857875740612,0.2157
410,167,166,21,3.092333923784544,2.0728728696736565,5.1652067934582,0.1265
362,109,108,21,4.079146901297174,1.9579377962433162,6.03708469754049,0.1944
184,134,133,21,5.138583382092564,2.206758909681508,7.345342291774072,0.1579
415,94,93,21,4.474030031264013,2.3220180900434837,6.796048121307496,0.2258
168,94,93,21,4.401803049472373,2.325589045558443,6.727392095030816,0.2258
227,94,93,21,4.557920546886916,2.062840908857107,6.620761455744024,0.2258
109,127,126,21,4.676370859861184,2.3107403240903306,6.987111183951515,0.1667
76,119,118,21,4.268158710328029,2.338467058960155,6.6066257692881845,0.178
40,103,102,21,4.97993843170822,2.232220875367776,7.212159307075996,0.2059
553,83,82,21,3.775858908072538,2.351494109218467,6.127353017291005,0.2561
370,93,92,21,4.323020250839062,2.2775262997471697,6.600546550586232,0.2283
551,123,122,21,3.91046778614203,1.9760351529888132,5.8865029391308425,0.1721
58,112,111,20,4.749386263267377,2.3414333595243297,7.090819622791707,0.1802
601,101,100,20,4.721602052040566,2.1578400320537874,6.879442084094354,0.2
418,93,92,20,4.244792134285727,2.2878729145080134,6.53266504879374,0.2174
23,121,120,20,4.247378093947327,2.2277588503598857,6.475136944307213,0.1667
191,85,84,19,4.244330567512662,2.391794281332687,6.636124848845349,0.2262
424,138,137,19,3.244526338221468,2.139093971776239,5.383620309997707,0.1387
446,84,83,19,4.8497210399499915,2.133308430499072,6.983029470449063,0.2289
460,82,81,19,4.366617544097583,2.3593642726511197,6.725981816748702,0.2346
213,84,83,19,3.6030978981827455,2.5473846064965686,6.150482504679314,0.2289
436,106,105,19,4.7369842457371565,2.42025882378445,7.1572430695216065,0.181
98,92,91,19,4.65176875001878,2.1677947090782066,6.819563459096987,0.2088
592,94,93,19,5.013624568666949,2.0972324985724993,7.110857067239449,0.2043
542,113,112,19,4.852177561800178,2.183709032051727,7.035886593851905,0.1696
554,89,88,19,3.951328337602061,2.280112600894625,6.231440938496686,0.2159
32,102,101,19,4.881236092489858,2.2367838425493476,7.1180199350392055,0.1881
470,80,79,18,4.708311836540881,1.9867527019543532,6.6950645384952345,0.2278
465,115,114,18,3.698940421011385,1.8748984969984959,5.573838918009881,0.1579
29,81,80,18,4.376172638335914,1.8664359743392667,6.2426086126751805,0.225
204,83,82,18,4.382436951099759,2.1695320334427413,6.5519689845425,0.2195
39,100,99,18,3.825574643158444,2.157333720913837,5.982908364072281,0.1818
593,103,102,18,4.866849246399532,2.2546957102295737,7.121544956629106,0.1765
159,97,96,18,3.4654959220934,2.4493027393365643,5.914798661429964,0.1875
322,107,106,18,4.906496079842478,2.089908417393856,6.996404497236334,0.1698
108,76,75,18,4.129588309620381,2.428504741040374,6.558093050660755,0.24
361,97,96,18,4.479838397400538,2.11429801641176,6.594136413812299,0.1875
373,100,99,18,5.178863858210231,1.9642043044131894,7.14306816262342,0.1818
59,107,106,17,3.4199911643774334,2.137880129764005,5.557871294141439,0.1604
178,77,76,17,4.544144809007492,2.0945112860431188,6.638656095050611,0.2237
584,83,82,17,4.793754691824792,2.390598215803554,7.184352907628346,0.2073
390,81,80,17,3.9940286089469033,2.1441497357723955,6.138178344719298,0.2125
353,90,89,17,4.587907708557645,2.2101884541795473,6.798096162737192,0.191
455,57,56,17,4.705334120765542,2.1047511854055476,6.810085306171089,0.3036
152,63,62,16,4.6274855607840975,2.0970039358101276,6.7244894965942255,0.2581
564,157,156,16,2.731512367642197,1.9074685015203485,4.638980869162546,0.1026
190,66,65,16,4.383119278574395,2.231000475885203,6.614119754459598,0.2462
445,77,76,16,4.570796078475824,2.259588202603058,6.8303842810788815,0.2105
223,75,74,16,5.342426072348635,1.8174019185217678,7.159827990870403,0.2162
310,64,63,16,3.6096827325942527,2.46246042967608,6.072143162270333,0.254
38,78,77,16,4.8304070427838415,2.1489697672961348,6.979376810079977,0.2078
34,86,85,16,4.572613506372043,1.8382385984382539,6.410852104810297,0.1882
16,98,97,16,5.056053851141671,2.028463298131211,7.084517149272882,0.1649
301,114,113,16,4.609835429600323,2.2589307279511077,6.8687661575514305,0.1416
386,68,67,16,4.743376092763752,1.9643832540244575,6.707759346788209,0.2388
165,65,64,15,4.175583903302844,2.0058911549486167,6.18147505825146,0.2344
566,74,73,15,4.659971082660514,2.0851186436224096,6.745089726282924,0.2055
526,58,57,15,3.635619825727662,2.3983082218756047,6.033928047603267,0.2632
510,108,107,15,4.584641396160257,2.414139860798906,6.9987812569591625,0.1402
211,89,88,15,3.5790060666820467,2.1797018668740136,5.75870793355606,0.1705
492,121,120,15,4.89122068555633,2.3660040485285427,7.257224734084872,0.125
541,87,86,15,5.039648978641487,2.2234834991614703,7.263132477802957,0.1744
244,93,92,15,3.816610504396361,2.131258928147218,5.947869432543579,0.163
344,69,68,15,4.147305405864967,2.0375609570504944,6.184866362915461,0.2206
337,77,76,15,4.678832584700241,2.402512681041833,7.081345265742074,0.1974
131,69,68,15,4.512307932834726,2.3468821144302474,6.859190047264973,0.2206
179,69,68,15,4.3496749915383015,2.3517097976390664,6.701384789177368,0.2206
24,110,109,15,3.3178260165431257,1.9241313363924915,5.241957352935617,0.1376
265,163,162,15,3.0904729605775363,1.9553005458963824,5.045773506473918,0.0926
426,88,87,15,3.892480127054359,2.1668943106027587,6.059374437657118,0.1724
70,62,61,15,3.426687033764287,2.502957381729032,5.929644415493319,0.2459
504,87,86,15,3.1765562279333612,2.3349431181737548,5.511499346107116,0.1744
585,61,60,14,3.4964238011018463,2.5207982451509587,6.0172220462528045,0.2333
447,78,77,14,4.778144997657221,2.159156391019438,6.937301388676659,0.1818
93,97,96,14,3.6418639291582298,1.9520321805325402,5.59389610969077,0.1458
94,56,55,14,4.405937114014588,2.017849801212903,6.423786915227491,0.2545
523,75,74,14,4.593676715884555,2.109206524566851,6.702883240451406,0.1892
79,64,63,14,4.101745052766418,2.1812790488606293,6.283024101627047,0.2222
229,65,64,14,3.952004123920024,2.2730336528939143,6.225037776813938,0.2188
457,50,49,14,4.477684393176716,2.350976502963946,6.828660896140661,0.2857
458,59,58,14,4.0719627228139625,2.4206485425531925,6.492611265367155,0.2414
417,67,66,14,4.271703169557702,2.018624897951515,6.290328067509217,0.2121
96,78,77,14,4.290808495679534,2.190965168980572,6.481773664660106,0.1818
511,52,51,14,4.300549695840263,2.112888996117546,6.4134386919578095,0.2745
102,56,55,14,4.579599792191693,2.054247165512726,6.633846957704419,0.2545
183,57,56,14,4.050662403228665,1.994279625811545,6.044942029040209,0.25
323,98,97,14,4.918274470917002,2.112228648729049,7.030503119646051,0.1443
52,130,129,14,3.544012306415802,1.899600318945339,5.4436126253611405,0.1085
427,84,83,13,4.923131312931213,2.027025678363472,6.950156991294685,0.1566
543,76,75,13,4.300308992512397,2.383691354162727,6.684000346675123,0.1733
588,56,55,13,4.582731139905211,2.0668981748491086,6.6496293147543195,0.2364
579,73,72,13,3.208517189841175,2.242797079324662,5.451314269165836,0.1806
413,56,55,13,4.176794075779083,2.2530168896654637,6.429810965444546,0.2364
401,72,71,13,3.286434826668036,1.8647349702894747,5.151169796957511,0.1831
36,60,59,13,4.236008228535828,2.136692041382158,6.372700269917986,0.2203
123,56,55,13,4.1514394543807525,2.39567524485226,6.5471146992330125,0.2364
264,56,55,13,4.656282988237604,2.004383668505066,6.66066665674267,0.2364
75,69,68,13,3.6931447101867425,2.1312925958856535,5.8244373060723955,0.1912
121,58,57,13,4.447984699387745,2.2566846913368943,6.704669390724639,0.2281
110,51,50,13,4.705984850663202,2.098482809345294,6.804467660008497,0.26
112,65,64,13,4.869372870190651,2.117706372555363,6.987079242746015,0.2031
536,40,39,12,4.272788371532747,2.274097898655773,6.54688627018852,0.3077
512,50,49,12,5.141318072410163,1.832491735000385,6.973809807410548,0.2449
429,58,57,12,4.482433041585959,2.170307412879298,6.652740454465257,0.2105
422,93,92,12,5.014925645147035,2.463753276143661,7.478678921290696,0.1304
430,58,57,12,4.3102879143456665,2.0721981401262553,6.382486054471922,0.2105
261,53,52,12,4.202249838982531,2.2261008702472425,6.428350709229774,0.2308
528,73,72,12,4.898116883258627,2.1686115057705346,7.066728389029162,0.1667
537,47,46,12,3.7036720088215573,2.340756356833144,6.044428365654701,0.2609
500,86,85,12,3.068046677150636,1.9859009096358384,5.0539475867864745,0.1412
86,70,69,12,4.9622273431377595,1.9484226864544796,6.910650029592239,0.1739
345,62,61,12,4.297302006040668,2.5053598246726474,6.8026618307133155,0.1967
343,59,58,12,4.375590109183714,2.362210034214423,6.737800143398138,0.2069
170,50,49,12,4.808627747647058,2.00883511502829,6.817462862675347,0.2449
297,72,71,12,3.0111343704101996,1.582693526988001,4.5938278973982,0.169
378,48,47,12,4.4284261043674755,1.7664883358310104,6.194914440198486,0.2553
336,56,55,12,4.50936416599029,1.79952912675143,6.30889329274172,0.2182
327,48,47,12,4.0891778592826205,2.327856850248309,6.417034709530929,0.2553
546,64,63,12,5.059747271793164,2.3369620903391204,7.396709362132285,0.1905
575,36,35,11,4.364670217999621,2.396686440746375,6.761356658745996,0.3143
571,112,111,11,2.543434942741399,2.057897332631275,4.601332275372674,0.0991
487,56,55,11,4.604017863581163,2.4582727921431204,7.062290655724283,0.2
235,65,64,11,4.838503948727281,2.185784271047026,7.0242882197743075,0.1719
224,54,53,11,3.4474753899374324,2.246741316401329,5.694216706338761,0.2075
151,59,58,11,4.028581714462168,2.298080668146404,6.326662382608571,0.1897
316,53,52,11,5.381538083496846,1.9708750400981254,7.352413123594971,0.2115
350,40,39,11,4.812890318911125,2.3191380936212935,7.132028412532419,0.2821
450,51,50,11,5.071216810435747,2.1526862217508316,7.223903032186579,0.22
185,47,46,11,3.8193521867793727,2.390223117327718,6.209575304107091,0.2391
174,67,66,11,5.150608486135556,1.9013070957646023,7.051915581900158,0.1667
72,45,44,11,4.360151251956965,2.4367302488302705,6.796881500787235,0.25
321,56,55,11,4.558790923552671,2.120334698313986,6.679125621866657,0.2
359,74,73,11,4.750262141221123,2.1477883984874495,6.8980505397085725,0.1507
358,41,40,11,3.7900618949255453,2.6428317120651093,6.432893606990655,0.275
395,61,60,11,5.149678589428046,1.7803484399892133,6.930027029417259,0.1833
14,48,47,11,4.152947796058613,2.4939671052545167,6.64691490131313,0.234
582,56,55,11,4.159385988955753,2.1148666511011935,6.274252640056947,0.2
238,44,43,11,4.591586613138261,2.176706921682621,6.768293534820883,0.2558
384,70,69,11,4.897324293961545,2.2083418320155292,7.105666125977074,0.1594
558,56,55,11,4.881585905546569,2.2437379809661326,7.125323886512701,0.2
116,87,86,11,4.995076369409705,1.9819379670445638,6.9770143364542685,0.1279
253,47,46,10,4.105001294423263,2.6697314564005614,6.774732750823825,0.2174
476,69,68,10,4.90729880615812,2.1135660892907207,7.02086489544884,0.1471
5,44,43,10,4.632458418518751,2.0812454589854545,6.713703877504205,0.2326
143,71,70,10,2.3833687307723843,1.942080900579031,4.3254496313514155,0.1429
203,45,44,10,3.8498605206267897,2.401283163200878,6.251143683827667,0.2273
379,36,35,10,4.626572282701927,1.864542199503342,6.491114482205269,0.2857
101,61,60,10,5.034518898984942,2.22649913187019,7.261018030855132,0.1667
284,88,87,10,3.2428580974131975,2.0686421461116784,5.3115002435248755,0.1149
255,44,43,10,3.9533189925615235,2.1523441240176933,6.105663116579217,0.2326
404,60,59,10,4.240414978804721,2.2631702743083895,6.50358525311311,0.1695
399,36,35,10,4.564068739104736,2.2669529092257483,6.831021648330484,0.2857
44,48,47,10,4.489164732986908,2.3360290669929618,6.8251937999798695,0.2128
583,56,55,10,3.6055317208490902,2.3167917833923344,5.922323504241424,0.1818
241,76,75,10,3.468376882213065,1.9572364544942398,5.425613336707305,0.1333
237,50,49,10,4.26963267775277,1.8765570806873078,6.1461897584400775,0.2041
285,36,35,10,3.9704838930625392,2.5342749449599564,6.504758838022496,0.2857
78,61,60,10,3.5814152026793,2.2675311733956858,5.848946376074986,0.1667
444,42,41,10,4.60971922583353,1.9772506137199501,6.58696983955348,0.2439
454,45,44,10,4.073819109965476,2.162108977693952,6.235928087659428,0.2273
243,36,35,9,4.583997046106407,2.2320148771130226,6.816011923219429,0.2571
502,35,34,9,4.317763687103934,1.9584052343225158,6.27616892142645,0.2647
341,52,51,9,4.210419624499262,2.38606425405634,6.596483878555603,0.1765
142,38,37,9,4.565582130989801,2.1973822921560253,6.762964423145826,0.2432
3,39,38,9,4.713348895999358,2.2925665491467857,7.005915445146144,0.2368
90,54,53,9,4.552516631637615,2.650734975613938,7.203251607251553,0.1698
589,40,39,9,3.82528754422304,2.2103799065077925,6.035667450730832,0.2308
532,50,49,9,3.9151006133367803,2.01140166708233,5.92650228041911,0.1837
400,43,42,9,3.7146144245356036,2.2594576814272447,5.974072105962849,0.2143
403,34,33,9,4.553500546299648,1.9938995579050869,6.547400104204735,0.2727
242,35,34,9,4.6690775372384286,1.9452007568875354,6.614278294125964,0.2647
506,42,41,9,4.8506916608086925,2.3309100257718662,7.181601686580558,0.2195
171,82,81,9,5.015728683790391,2.2895800398823782,7.305308723672769,0.1111
295,41,40,9,4.40451002928064,2.085215483721685,6.489725513002325,0.225
273,55,54,9,4.104578445227039,2.429982703166797,6.534561148393836,0.1667
349,37,36,9,4.744696341837007,2.0511790268386925,6.795875368675699,0.25
149,58,57,9,3.0303294741960656,1.7459383686886107,4.7762678428846765,0.1579
486,56,55,9,3.94154771651816,1.8610457552780226,5.8025934717961825,0.1636
441,45,44,9,3.6311581006078115,2.3594883225475503,5.990646423155361,0.2045
124,50,49,9,4.451169928959888,2.4104565630975645,6.861626492057452,0.1837
473,37,36,9,4.436746682616962,1.7877941440674685,6.22454082668443,0.25
126,38,37,9,4.855010086103454,1.9682244803788804,6.823234566482334,0.2432
303,53,52,9,3.6691477596699706,2.0587040379678485,5.727851797637819,0.1731
267,57,56,9,4.04759260535496,1.9121460847255776,5.959738690080537,0.1607
521,40,39,9,4.033140265242388,2.384935094387734,6.418075359630121,0.2308
311,28,27,8,4.3808263974470965,2.330063282627817,6.710889680074914,0.2963
342,66,65,8,4.890022842744424,2.267700823674172,7.157723666418596,0.1231
348,55,54,8,4.76943042346226,2.102240766468755,6.871671189931014,0.1481
13,31,30,8,4.526244320105108,2.2530796994754656,6.7793240195805735,0.2667
209,35,34,8,4.256535807806289,1.9544026131369054,6.210938420943195,0.2353
496,29,28,8,4.351101878785941,2.4856007303274876,6.836702609113429,0.2857
338,39,38,8,4.459224215565232,2.172028738198339,6.631252953763571,0.2105
148,48,47,8,3.528247344071693,2.144070415362738,5.672317759434431,0.1702
146,32,31,8,4.358002684687855,2.3997690004994974,6.757771685187352,0.2581
155,46,45,8,3.578054991138439,2.4353041196352647,6.013359110773704,0.1778
88,56,55,8,4.806037671224119,2.1816979572158974,6.987735628440016,0.1455
435,42,41,8,4.890678249964275,2.249412926921879,7.140091176886155,0.1951
161,39,38,8,3.9166256596290743,2.5592050498274235,6.475830709456497,0.2105
472,29,28,8,4.239040349747262,2.4802799825826676,6.71932033232993,0.2857
451,34,33,8,3.9179467801042933,2.1505188408779206,6.068465620982214,0.2424
276,41,40,8,3.877654192743538,2.4364704404968145,6.314124633240352,0.2
272,31,30,8,4.768439229693369,1.786189905509902,6.554629135203271,0.2667
262,57,56,8,4.397713712167804,2.429493697567202,6.827207409735006,0.1429
176,36,35,8,4.58252090292777,1.956013511940415,6.5385344148681845,0.2286
538,37,36,8,3.9138022650178144,2.0847062830531646,5.998508548070979,0.2222
398,46,45,8,5.307567262507326,1.9736249581453242,7.28119222065265,0.1778
402,48,47,8,4.5432363608267705,2.143998328763532,6.687234689590302,0.1702
501,45,44,8,4.639110229043004,2.468681945196868,7.107792174239872,0.1818
2,29,28,8,4.20775771146249,2.563605579673534,6.771363291136024,0.2857
65,34,33,8,4.2341630393617775,2.2720263232671187,6.506189362628897,0.2424
56,46,45,8,4.478774195694977,2.0342695087880136,6.513043704482991,0.1778
581,40,39,8,4.261140006584498,2.2082990917082603,6.469439098292758,0.2051
31,50,49,7,4.791997173370534,2.384863533723419,7.176860707093953,0.1429
30,34,33,7,4.030798406130524,2.3508974886041085,6.381695894734632,0.2121
591,54,53,7,4.543630010754881,2.5542510713427555,7.097881082097636,0.1321
46,42,41,7,4.544712700632432,2.007538735336121,6.552251435968553,0.1707
505,31,30,7,4.350601055664332,2.0886736094720617,6.439274665136393,0.2333
513,32,31,7,5.173401837024209,2.1052431447814293,7.2786449818056385,0.2258
61,39,38,7,5.209209067587776,1.872043507747418,7.081252575335194,0.1842
55,25,24,7,4.006727517716575,2.4441561784336105,6.450883696150186,0.2917
539,38,37,7,3.5551352757139343,2.2209765309826284,5.776111806696562,0.1892
383,34,33,7,3.47379535346155,2.441572597623713,5.915367951085264,0.2121
8,47,46,7,4.695090977766481,2.281417562953887,6.976508540720367,0.1522
557,27,26,7,4.736759331755389,2.071642285112468,6.808401616867856,0.2692
375,33,32,7,5.142170812337606,1.9543428151566173,7.0965136274942235,0.2188
463,33,32,7,4.140958645567492,2.375487108045822,6.516445753613315,0.2188
99,53,52,7,4.867900260880091,2.0322313822742912,6.900131643154383,0.1346
416,51,50,7,4.608779057804174,2.2611279703864664,6.8699070281906405,0.14
252,38,37,7,4.511913451442623,2.0478220889152676,6.55973554035789,0.1892
319,35,34,7,4.333054711017085,1.9535916760416856,6.28664638705877,0.2059
134,35,34,7,5.239236245045355,1.646077010118437,6.8853132551637914,0.2059
197,35,34,7,4.011755043839687,2.1450834653524113,6.156838509192099,0.2059
497,51,50,7,4.993292184488785,1.943240222223112,6.936532406711898,0.14
491,64,63,7,3.09620678369546,2.0150916315593745,5.111298415254835,0.1111
493,61,60,7,3.6915751131742374,1.8341615026938396,5.525736615868077,0.1167
248,51,50,7,3.0702371987246693,2.2606079967673645,5.330845195492033,0.14
69,46,45,7,4.828120970787085,2.081697355855142,6.909818326642227,0.1556
67,36,35,7,3.6915956389734967,2.283982992134099,5.975578631107595,0.2
371,41,40,7,4.59175578161752,2.3505188220361397,6.94227460365366,0.175
363,30,29,7,4.801671091570257,2.339409910801641,7.141081002371898,0.2414
205,27,26,7,3.9348563836997625,2.351357050207652,6.286213433907415,0.2692
578,27,26,7,4.1097916179202425,2.6284788241155828,6.738270442035825,0.2692
85,34,33,7,2.915594773527087,2.445208919006506,5.360803692533593,0.2121
175,24,23,6,3.0198751295376094,2.531665366662066,5.551540496199675,0.2609
300,32,31,6,3.7597581256688546,2.279110896107014,6.038869021775868,0.1935
556,32,31,6,3.0118608876580986,1.709910563751219,4.721771451409317,0.1935
530,27,26,6,4.400444149284803,2.340332730403531,6.740776879688335,0.2308
540,42,41,6,4.073855984991302,2.277040349863441,6.350896334854743,0.1463
389,34,33,6,4.939517846429182,2.33104867944021,7.270566525869392,0.1818
440,33,32,6,3.5615253460544345,2.102566958045074,5.664092304099508,0.1875
456,43,42,6,5.089783556960799,2.159762631328432,7.249546188289231,0.1429
158,26,25,6,4.789992970264005,2.2168018813715693,7.006794851635574,0.24
180,24,23,6,4.766673214578385,1.8713031599812648,6.63797637455965,0.2609
188,48,47,6,3.029917103744773,2.18440835712544,5.214325460870213,0.1277
250,27,26,6,4.406059840569112,2.556314741474568,6.9623745820436795,0.2308
296,27,26,6,4.363970728151244,2.2691817743462095,6.633152502497454,0.2308
609,37,36,6,5.1523022952697675,2.085608680949195,7.237910976218963,0.1667
25,26,25,6,4.024129445635002,2.247369775701561,6.271499221336564,0.24
535,30,29,6,4.199439488130378,2.336256417742874,6.535695905873252,0.2069
533,38,37,6,3.7387575643492954,1.8513082712672688,5.5900658356165644,0.1622
218,26,25,6,4.4025389917879805,2.1553712113377554,6.557910203125736,0.24
11,64,63,6,3.267873854729789,1.7980348166893176,5.065908671419106,0.0952
283,35,34,6,3.832621302025425,1.8567231796155166,5.6893444816409415,0.1765
289,24,23,6,5.008975683230186,1.7183985811896283,6.727374264419814,0.2609
270,40,39,6,4.608719091443297,2.4720418055689195,7.080760897012217,0.1538
208,26,25,6,3.85086180800004,2.508530130567347,6.359391938567387,0.24
291,31,30,6,2.944649459285058,2.073272077260729,5.017921536545787,0.2
374,33,32,6,4.174756255106668,2.2780057914919882,6.4527620465986555,0.1875
366,31,30,6,4.196459718842238,2.2036901328512153,6.400149851693453,0.2
478,22,21,6,5.448591446869229,1.588115311134238,7.036706758003467,0.2857
193,35,34,6,4.364799656409602,1.9334887022903138,6.298288358699915,0.1765
236,30,29,6,3.5996140150919684,2.0236010721204822,5.623215087212451,0.2069
225,75,74,6,2.793920936347159,1.8543278988381555,4.648248835185314,0.0811
231,24,23,6,4.041174839686646,2.1645556252175626,6.205730464904208,0.2609
421,37,36,6,4.009079106661915,2.4820031847232946,6.49108229138521,0.1667
106,33,32,6,3.3827285632704394,1.8351713042092643,5.217899867479703,0.1875
431,20,19,6,4.643072151838434,1.8047489845113318,6.447821136349766,0.3158
443,37,36,6,4.046923922839618,1.8581572308051506,5.905081153644768,0.1667
130,28,27,6,4.695895095577858,1.8604803261148695,6.556375421692727,0.2222
388,29,28,5,3.3259491527528975,2.5938136282660156,5.919762781018913,0.1786
515,26,25,5,3.5169332578364547,2.4561370737481796,5.973070331584634,0.2
519,26,25,5,3.7878559539551917,2.360582468700726,6.148438422655918,0.2
598,21,20,5,5.115605917578588,2.0184973078704855,7.134103225449073,0.25
595,20,19,5,4.10920783301768,2.2850098479667724,6.394217680984452,0.2632
48,33,32,5,3.9612114248666055,2.0841973828393674,6.045408807705973,0.1562
547,21,20,5,5.265350865361677,1.5421971119071367,6.807547977268814,0.25
54,33,32,5,4.925080107681044,2.003259207337443,6.928339315018487,0.1562
302,32,31,5,4.566509307240545,2.316640198183604,6.883149505424148,0.1613
565,29,28,5,4.566922272650652,2.027262657210516,6.594184929861168,0.1786
508,24,23,5,3.956999767866298,2.8818478567318775,6.838847624598175,0.2174
92,24,23,5,4.729239815669869,1.9866792856678082,6.715919101337677,0.2174
154,34,33,5,4.103270229159082,1.7376602684533118,5.840930497612394,0.1515
97,36,35,5,4.0770335800396715,1.7788437163131094,5.855877296352781,0.1429
574,23,22,5,4.473739290027724,1.923892781257841,6.397632071285565,0.2273
569,20,19,5,4.022053802825212,2.1648299055826086,6.186883708407821,0.2632
12,32,31,5,3.4995318499997556,2.365382121267156,5.864913971266912,0.1613
207,20,19,5,3.96940826928317,2.4715597267605998,6.44096799604377,0.2632
196,32,31,5,5.211939787102791,1.953126442155278,7.165066229258069,0.1613
150,26,25,5,4.299525721341576,2.4297045074403885,6.729230228781964,0.2
9,46,45,5,5.758450481429486,1.921600363948296,7.6800508453777825,0.1111
81,26,25,5,4.500252984414171,1.9201027238182786,6.420355708232449,0.2
333,25,24,5,4.393296232254261,2.287446873269243,6.680743105523503,0.2083
133,35,34,5,4.745810512383874,2.166908938068468,6.912719450452341,0.1471
138,22,21,5,4.168105025832333,2.296886542298504,6.464991568130838,0.2381
107,34,33,5,4.896549340642907,2.0282240018379665,6.924773342480874,0.1515
114,31,30,5,3.9219288580706415,2.0289301906030466,5.9508590486736885,0.1667
120,22,21,5,4.1441460738108065,2.3181855851655326,6.462331658976339,0.2381
433,22,21,5,4.385573254658865,1.7799916231311852,6.16556487779005,0.2381
128,33,32,5,5.241539369754705,2.157644831045687,7.399184200800391,0.1562
245,21,20,5,3.253368715828755,2.6108176225141846,5.86418633834294,0.25
192,22,21,5,4.568452265686362,1.9305276202145745,6.498979885900937,0.2381
173,25,24,5,4.556682202878203,1.929935508416519,6.486617711294722,0.2083
355,26,25,5,3.587218737998916,2.1209272515921676,5.708145989591084,0.2
468,33,32,5,5.199941573650127,1.9981719383799943,7.198113512030122,0.1562
347,45,44,5,4.9994756861107765,2.1145329817493286,7.114008667860105,0.1136
329,23,22,5,4.276453500284418,2.175231620911893,6.451685121196311,0.2273
251,23,22,5,5.049893153019143,1.8526475352311558,6.902540688250299,0.2273
258,25,24,5,5.102794498814705,1.973756673367517,7.0765511721822225,0.2083
485,23,22,5,4.503213867618926,2.0333747334533747,6.5365886010723,0.2273
467,22,21,5,3.87106422522747,2.726837489444378,6.597901714671848,0.2381
518,24,23,4,4.750015979249366,2.266002913091163,7.016018892340529,0.1739
516,26,25,4,4.215562928139616,1.9922526976533974,6.207815625793014,0.16
549,21,20,4,3.190036957003154,2.331270776884656,5.52130773388781,0.2
60,22,21,4,4.334407584996718,2.174068830760572,6.50847641575729,0.1905
568,23,22,4,3.5316937933136954,2.2770783923252935,5.808772185638989,0.1818
228,25,24,4,3.9740959006873013,2.3540928402788794,6.328188740966181,0.1667
499,27,26,4,5.485617400595876,2.058091658245034,7.543709058840911,0.1538
206,25,24,4,5.6668289535442105,2.0620893501675153,7.728918303711726,0.1667
576,20,19,4,5.148562365480232,1.5320869438126319,6.680649309292864,0.2105
259,29,28,4,4.566101312223015,2.0867139372375454,6.652815249460561,0.1429
392,25,24,4,4.68407670913412,2.2465358411279075,6.930612550262028,0.1667
531,22,21,4,3.919037113042771,2.241689155625805,6.160726268668576,0.1905
550,28,27,4,3.5595400239408104,1.9287623828849285,5.4883024068257384,0.1481
545,23,22,4,5.663850389118108,1.458997049534473,7.122847438652581,0.1818
37,21,20,4,4.863271619530206,1.6240328751557673,6.487304494685973,0.2
529,25,24,4,5.055393652513717,2.6591464358060466,7.7145400883197635,0.1667
281,21,20,4,4.590708514412574,2.5062766578752753,7.09698517228785,0.2
163,23,22,4,5.071511898706901,2.262640572110818,7.334152470817719,0.1818
271,43,42,4,5.025139577966071,2.316152842573388,7.3412924205394585,0.0952
498,35,34,4,5.1688270922206865,1.9608533307655738,7.12968042298626,0.1176
449,38,37,4,4.576895442662058,2.293624542368922,6.870519985030979,0.1081
461,27,26,4,4.971155523022732,2.03839413897884,7.009549662001572,0.1538
423,23,22,4,4.6296017254881665,1.9259803967741533,6.55558212226232,0.1818
459,26,25,4,4.418251510864731,2.2906743174993522,6.708925828364083,0.16
407,22,21,4,3.701436519702386,2.154270243324835,5.8557067630272215,0.1905
127,22,21,4,4.748497663235842,2.403200150361956,7.1516978135977975,0.1905
147,20,19,4,4.203588196070285,2.135884819954819,6.339473016025105,0.2105
397,23,22,4,4.74998441619443,2.210395649413147,6.960380065607577,0.1818
481,31,30,4,4.834313535822895,2.343939724802021,7.178253260624916,0.1333
471,28,27,4,4.464963340111042,1.9166984650152417,6.381661805126283,0.1481
278,20,19,4,5.24382217859761,2.1569279410950526,7.400750119692663,0.2105
277,28,27,4,4.129928138429762,2.3448635948817875,6.47479173331155,0.1481
77,29,28,4,3.6720654070390597,2.113689062934012,5.785754469973072,0.1429
335,28,27,4,3.5269997890745115,2.0885067636800416,5.615506552754553,0.1481
360,25,24,4,3.752965863096249,2.093548037497868,5.8465139005941165,0.1667
26,21,20,3,3.212631080465413,2.232495525350079,5.445126605815492,0.15
315,33,32,3,4.607798009998692,2.5027662958633528,7.110564305862045,0.0938
494,22,21,3,3.930413408872952,2.006141322579613,5.936554731452565,0.1429
324,21,20,3,4.2995117265531215,2.647671183565406,6.947182910118528,0.15
145,23,22,3,4.636395826918801,1.8308175938565554,6.467213420775357,0.1364
49,21,20,3,3.810603975933204,2.0815752737122937,5.892179249645498,0.15
544,22,21,3,4.589820200601688,2.607646394687922,7.19746659528961,0.1429
293,21,20,3,5.1403863201331985,2.0807985934926925,7.2211849136258905,0.15
71,35,34,3,4.747194936259045,2.505898139978033,7.253093076237078,0.0882
364,21,20,3,4.228736806605239,2.665713768205739,6.894450574810978,0.15
162,38,37,3,2.935002101433305,1.9744431379144953,4.9094452393478,0.0811
406,20,19,3,5.044054872269018,2.4071606541507062,7.451215526419724,0.1579
396,28,27,3,5.682424287128686,1.828858870272821,7.5112831574015075,0.1111
118,22,21,3,4.769018679869961,2.1951173089406315,6.964135988810593,0.1429
194,20,19,3,5.698347017769987,1.9268861166680469,7.625233134438034,0.1579
172,26,25,3,5.180619156725755,2.0693569296759886,7.249976086401744,0.12
299,23,22,3,4.378334072684422,1.9477545505830882,6.32608862326751,0.1364
214,22,21,3,4.4184564374204784,2.7128806995173744,7.131337136937853,0.1429
257,20,19,3,3.5699686740935532,1.9679034163761402,5.537872090469693,0.1579
269,29,28,3,5.403332728151677,2.019194077308534,7.422526805460212,0.1071
340,28,27,3,5.119624491081426,2.0789461104616755,7.198570601543102,0.1111
189,20,19,3,4.9241782125434845,1.969482256823193,6.893660469366678,0.1579
507,21,20,2,5.326559347478884,1.7104642513975563,7.0370235988764405,0.1
35,23,22,2,5.349844892410556,2.2049418285253486,7.554786720935905,0.0909
53,20,19,2,5.511945157193378,2.175211761094455,7.687156918287833,0.1053
548,26,25,2,4.500358522593078,2.347912105827622,6.8482706284207,0.08
394,23,22,2,5.0907627592881415,2.2715236466892192,7.362286405977361,0.0909
442,20,19,2,5.122689988948709,2.344573220545973,7.467263209494682,0.1053
439,21,20,2,4.944366967629642,2.599843685003162,7.544210652632804,0.1
157,21,20,2,4.962329848363837,2.5383155933421664,7.500645441706004,0.1
164,36,35,2,3.1050447249624185,1.5973612251624012,4.702405950124819,0.0571
320,20,19,2,3.628588236416107,2.007645584649754,5.636233821065861,0.1053
87,21,20,2,4.592226960070512,2.260563528186035,6.852790488256547,0.1
